club_id,club_code,name,domestic_competition_id,total_market_value,squad_size,average_age,foreigners_number,foreigners_percentage,national_team_players,stadium_name,stadium_seats,net_transfer_record,coach_name,last_season,url
105,sv-darmstadt-98,SV Darmstadt 98,L1,,30,26.4,11,36.7,1,Merck-Stadion am Böllenfalltor,17500,€-1.60m,,2023,https://www.transfermarkt.co.uk/sv-darmstadt-98/startseite/verein/105
12,as-rom,AS Roma,IT1,,26,27.3,17,65.4,17,Olimpico di Roma,73261,+€65.20m,,2023,https://www.transfermarkt.co.uk/as-rom/startseite/verein/12
148,tottenham-hotspur,Tottenham Hotspur,GB1,,29,26.1,21,72.4,22,Tottenham Hotspur Stadium,62062,€-130.40m,,2023,https://www.transfermarkt.co.uk/tottenham-hotspur/startseite/verein/148
192,roda-jc-kerkrade,Roda JC Kerkrade,NL1,,25,24.0,9,36.0,0,Parkstad Limburg Stadion,19979,+€1.30m,,2017,https://www.transfermarkt.co.uk/roda-jc-kerkrade/startseite/verein/192
2457,belenenses-sad,B SAD,PO1,,25,24.2,13,52.0,4,Estádio Nacional do Jamor,37593,+€1.80m,,2021,https://www.transfermarkt.co.uk/belenenses-sad/startseite/verein/2457
2990,academica-coimbra,Académica Coimbra,PO1,,26,25.2,6,23.1,0,Estádio Cidade de Coimbra,29744,+€150k,,2015,https://www.transfermarkt.co.uk/academica-coimbra/startseite/verein/2990
4795,fc-ingolstadt-04,FC Ingolstadt 04,L1,,28,24.3,8,28.6,1,Audi Sportpark,15800,+€1.55m,,2016,https://www.transfermarkt.co.uk/fc-ingolstadt-04/startseite/verein/4795
5358,sd-huesca,SD Huesca,ES1,,24,27.5,8,33.3,2,El Alcoraz,9128,+€1.43m,,2020,https://www.transfermarkt.co.uk/sd-huesca/startseite/verein/5358
603,cardiff-city,Cardiff City,GB1,,28,25.5,24,85.7,8,Cardiff City Stadium,33280,€-655k,,2018,https://www.transfermarkt.co.uk/cardiff-city/startseite/verein/603
8024,fc-arouca,FC Arouca,PO1,,28,25.9,21,75.0,1,Estádio Municipal de Arouca,5600,+€5.24m,,2023,https://www.transfermarkt.co.uk/fc-arouca/startseite/verein/8024
969,montpellier-hsc,Montpellier HSC,FR1,,23,25.7,12,52.2,6,Stade de la Mosson,32939,+€31.80m,,2023,https://www.transfermarkt.co.uk/montpellier-hsc/startseite/verein/969
989,afc-bournemouth,AFC Bournemouth,GB1,,29,26.4,20,69.0,14,Vitality Stadium,11329,€-126.19m,,2023,https://www.transfermarkt.co.uk/afc-bournemouth/startseite/verein/989
993,fc-cordoba,Córdoba CF,ES1,,24,27.9,4,16.7,0,Nuevo Arcángel,21822,+-0,,2014,https://www.transfermarkt.co.uk/fc-cordoba/startseite/verein/993
1025,fc-bologna,Bologna FC 1909,IT1,,26,25.2,18,69.2,13,Stadio Renato Dall’Ara,36462,€-18.50m,,2023,https://www.transfermarkt.co.uk/fc-bologna/startseite/verein/1025
1082,losc-lille,LOSC Lille,FR1,,24,26.0,17,70.8,6,Decathlon Arena-Stade Pierre-Mauroy,50186,+€6.10m,,2023,https://www.transfermarkt.co.uk/losc-lille/startseite/verein/1082
1160,nimes-olympique,Nîmes Olympique,FR1,,26,25.4,12,46.2,3,Stade des Antonins,8033,+€2.50m,,2020,https://www.transfermarkt.co.uk/nimes-olympique/startseite/verein/1160
1465,gd-estoril-praia,GD Estoril Praia,PO1,,29,24.8,17,58.6,2,Estádio António Coimbra da Mota,8000,+€8.00m,,2023,https://www.transfermarkt.co.uk/gd-estoril-praia/startseite/verein/1465
3008,hull-city,Hull City,GB1,,28,25.0,17,60.7,6,MKM Stadium,25586,+€7.50m,,2016,https://www.transfermarkt.co.uk/hull-city/startseite/verein/3008
31,fc-liverpool,Liverpool FC,GB1,,26,26.1,21,80.8,17,Anfield,54074,€-111.30m,,2023,https://www.transfermarkt.co.uk/fc-liverpool/startseite/verein/31
336,sporting-lissabon,Sporting CP,PO1,,27,25.0,13,48.1,8,Estádio José Alvalade XXI,50095,+€69.50m,,2023,https://www.transfermarkt.co.uk/sporting-lissabon/startseite/verein/336
3911,stade-brest-29,Stade Brestois 29,FR1,,25,26.0,7,28.0,4,Stade Francis-Le Blé,15220,+€5.10m,,2023,https://www.transfermarkt.co.uk/stade-brest-29/startseite/verein/3911
4,1-fc-nurnberg,1.FC Nuremberg,L1,,33,25.2,7,21.2,2,Max-Morlock-Stadion,50000,+€2.63m,,2018,https://www.transfermarkt.co.uk/1-fc-nurnberg/startseite/verein/4
410,udinese-calcio,Udinese Calcio,IT1,,36,25.0,31,86.1,8,Bluenergy Stadium,25144,+€5.56m,,2023,https://www.transfermarkt.co.uk/udinese-calcio/startseite/verein/410
595,sc-bastia,SC Bastia,FR1,,25,27.6,8,32.0,6,Stade Armand-Cesari,16480,+€480k,,2016,https://www.transfermarkt.co.uk/sc-bastia/startseite/verein/595
1010,fc-watford,Watford FC,GB1,,30,26.3,24,80.0,12,Vicarage Road,21577,+€42.02m,,2021,https://www.transfermarkt.co.uk/fc-watford/startseite/verein/1010
1108,deportivo-alaves,Deportivo Alavés,ES1,,23,25.7,9,39.1,3,Mendizorroza,19840,€-6.30m,,2023,https://www.transfermarkt.co.uk/deportivo-alaves/startseite/verein/1108
1158,fc-lorient,FC Lorient,FR1,,30,25.1,14,46.7,10,Stade du Moustoir,19010,+€37.70m,,2023,https://www.transfermarkt.co.uk/fc-lorient/startseite/verein/1158
13,atletico-madrid,Atlético de Madrid,ES1,,24,29.2,14,58.3,14,Civitas Metropolitano,67829,+€57.30m,,2023,https://www.transfermarkt.co.uk/atletico-madrid/startseite/verein/13
131,fc-barcelona,FC Barcelona,ES1,,22,26.3,10,45.5,16,Olímpic Lluís Companys,55926,+€102.00m,,2023,https://www.transfermarkt.co.uk/fc-barcelona/startseite/verein/131
133,sc-cambuur-leeuwarden,SC Cambuur Leeuwarden,NL1,,16,23.1,4,25.0,3,Cambuurstadion,10250,+-0,,2022,https://www.transfermarkt.co.uk/sc-cambuur-leeuwarden/startseite/verein/133
18,borussia-monchengladbach,Borussia Mönchengladbach,L1,,31,25.7,17,54.8,8,Stadion im Borussia-Park,54042,€-4.28m,,2023,https://www.transfermarkt.co.uk/borussia-monchengladbach/startseite/verein/18
2036,1-fc-heidenheim-1846,1.FC Heidenheim 1846,L1,,28,26.2,5,17.9,1,Voith-Arena,15000,€-2.30m,,2023,https://www.transfermarkt.co.uk/1-fc-heidenheim-1846/startseite/verein/2036
273,fc-stade-rennes,Stade Rennais FC,FR1,,25,24.6,10,40.0,7,Roazhon Park,29778,+€85.60m,,2023,https://www.transfermarkt.co.uk/fc-stade-rennes/startseite/verein/273
3325,gd-chaves,GD Chaves,PO1,,28,26.4,15,53.6,4,Estádio Municipal Eng.º Manuel Branco Teixeira,9000,+€450k,,2023,https://www.transfermarkt.co.uk/gd-chaves/startseite/verein/3325
3327,fc-penafiel,FC Penafiel,PO1,,28,27.9,4,14.3,0,Estádio Municipal 25 de Abril,5230,+-0,,2014,https://www.transfermarkt.co.uk/fc-penafiel/startseite/verein/3327
366,real-valladolid,Real Valladolid CF,ES1,,22,27.2,11,50.0,6,Nuevo José Zorrilla,27618,+€2.50m,,2022,https://www.transfermarkt.co.uk/real-valladolid/startseite/verein/366
4294,sc-farense,SC Farense,PO1,,28,28.0,15,53.6,2,Estádio São Luís,7000,+-0,,2023,https://www.transfermarkt.co.uk/sc-farense/startseite/verein/4294
458,palermo-fc,Palermo FC,IT1,,28,25.6,7,25.0,4,"Comunale Renzo Barbera ""La Favorita""",36365,€-7.94m,,2016,https://www.transfermarkt.co.uk/palermo-fc/startseite/verein/458
46,inter-mailand,Inter Milan,IT1,,25,28.9,16,64.0,19,Giuseppe Meazza,75923,+€65.20m,,2023,https://www.transfermarkt.co.uk/inter-mailand/startseite/verein/46
995,fc-nantes,FC Nantes,FR1,,28,25.9,15,53.6,8,Stade de la Beaujoire,37463,€-450k,,2023,https://www.transfermarkt.co.uk/fc-nantes/startseite/verein/995
1003,leicester-city,Leicester City,GB1,,25,27.1,14,56.0,11,King Power Stadium,32273,+€26.00m,,2022,https://www.transfermarkt.co.uk/leicester-city/startseite/verein/1003
1237,brighton-amp-hove-albion,Brighton & Hove Albion,GB1,,26,26.2,19,73.1,14,AMEX Stadium,31800,+€94.70m,,2023,https://www.transfermarkt.co.uk/brighton-amp-hove-albion/startseite/verein/1237
1436,sc-beira-mar,SC Beira-Mar,PO1,,26,26.6,8,30.8,0,Estádio Municipal de Aveiro,32830,+-0,,2012,https://www.transfermarkt.co.uk/sc-beira-mar/startseite/verein/1436
1455,fc-dordrecht,FC Dordrecht,NL1,,29,23.3,12,41.4,1,Matchoholic Stadion,4235,+-0,,2014,https://www.transfermarkt.co.uk/fc-dordrecht/startseite/verein/1455
200,fc-utrecht,FC Utrecht,NL1,,27,25.4,14,51.9,3,"Stadion ""Galgenwaard""",23750,+€8.65m,,2023,https://www.transfermarkt.co.uk/fc-utrecht/startseite/verein/200
2969,dijon-fco,Dijon FCO,FR1,,29,25.8,14,48.3,4,Stade Gaston-Gérard,16098,+€1.50m,,2020,https://www.transfermarkt.co.uk/dijon-fco/startseite/verein/2969
2995,fc-pacos-de-ferreira,FC Paços de Ferreira,PO1,,32,25.5,17,50.0,1,Estádio Capital do Móvel,9076,+-0,,2022,https://www.transfermarkt.co.uk/fc-pacos-de-ferreira/startseite/verein/2995
3522,spezia-calcio,Spezia Calcio,IT1,,32,24.4,25,78.1,11,Alberto Picco,11676,€-3.95m,,2022,https://www.transfermarkt.co.uk/spezia-calcio/startseite/verein/3522
40,fc-girondins-bordeaux,FC Girondins Bordeaux,FR1,,26,22.7,13,50.0,6,Matmut Atlantique,42115,+€12.70m,,2021,https://www.transfermarkt.co.uk/fc-girondins-bordeaux/startseite/verein/40
4750,sc-olhanense,SC Olhanense,PO1,,10,23.4,5,50.0,0,Estádio José Arcanjo,10080,+-0,,2013,https://www.transfermarkt.co.uk/sc-olhanense/startseite/verein/4750
6195,ssc-neapel,SSC Napoli,IT1,,27,26.4,17,63.0,16,Stadio Diego Armando Maradona,54726,€-26.50m,,2023,https://www.transfermarkt.co.uk/ssc-neapel/startseite/verein/6195
82,vfl-wolfsburg,VfL Wolfsburg,L1,,29,24.7,19,65.5,12,Volkswagen Arena,28917,€-400k,,2023,https://www.transfermarkt.co.uk/vfl-wolfsburg/startseite/verein/82
1050,fc-villarreal,Villarreal CF,ES1,,24,29.0,8,33.3,7,La Cerámica,23500,+€97.00m,,2023,https://www.transfermarkt.co.uk/fc-villarreal/startseite/verein/1050
1147,ac-ajaccio,AC Ajaccio,FR1,,24,27.5,11,45.8,6,Stade François-Coty,10446,+-0,,2022,https://www.transfermarkt.co.uk/ac-ajaccio/startseite/verein/1147
130,parma-calcio-1913,Parma Calcio 1913,IT1,,30,24.9,23,76.7,6,Ennio Tardini,22352,€-4.37m,,2020,https://www.transfermarkt.co.uk/parma-calcio-1913/startseite/verein/130
1429,cesena-fc,Cesena FC,IT1,,28,26.0,4,14.3,0,Orogel Stadium - Dino Manuzzi,23860,+€335k,,2014,https://www.transfermarkt.co.uk/cesena-fc/startseite/verein/1429
15,bayer-04-leverkusen,Bayer 04 Leverkusen,L1,,27,24.7,21,77.8,18,BayArena,30210,€-12.10m,,2023,https://www.transfermarkt.co.uk/bayer-04-leverkusen/startseite/verein/15
2722,spal,SPAL,IT1,,32,26.0,8,25.0,2,Paolo Mazza,16134,+€2.75m,,2019,https://www.transfermarkt.co.uk/spal/startseite/verein/2722
276,hellas-verona,Hellas Verona,IT1,,33,25.8,22,66.7,8,Marcantonio Bentegodi,39211,+€43.46m,,2023,https://www.transfermarkt.co.uk/hellas-verona/startseite/verein/276
3329,fc-famalicao,FC Famalicão,PO1,,27,23.8,19,70.4,4,Estádio Municipal de Famalicão,5305,+€10.80m,,2023,https://www.transfermarkt.co.uk/fc-famalicao/startseite/verein/3329
642,de-graafschap-doetinchem,De Graafschap Doetinchem,NL1,,30,23.7,6,20.0,0,"Stadion ""De Vijverberg""",12600,+-0,,2018,https://www.transfermarkt.co.uk/de-graafschap-doetinchem/startseite/verein/642
703,nottingham-forest,Nottingham Forest,GB1,,32,27.0,27,84.4,20,The City Ground,30445,€-57.23m,,2023,https://www.transfermarkt.co.uk/nottingham-forest/startseite/verein/703
80,vfl-bochum,VfL Bochum,L1,,30,27.6,14,46.7,3,Vonovia Ruhrstadion,26000,€-2.45m,,2023,https://www.transfermarkt.co.uk/vfl-bochum/startseite/verein/80
976,cf-uniao-madeira,CF União Madeira (-2021),PO1,,0,,0,,0,Centro Desportivo da Madeira,2500,+-0,,2015,https://www.transfermarkt.co.uk/cf-uniao-madeira/startseite/verein/976
1031,luton-town,Luton Town,GB1,,26,27.8,12,46.2,8,Kenilworth Road,10226,€-22.75m,,2023,https://www.transfermarkt.co.uk/luton-town/startseite/verein/1031
1071,wigan-athletic,Wigan Athletic,GB1,,26,24.0,8,30.8,2,DW Stadium,25133,+€290k,,2012,https://www.transfermarkt.co.uk/wigan-athletic/startseite/verein/1071
1090,az-alkmaar,AZ Alkmaar,NL1,,29,23.5,10,34.5,4,AFAS Stadion,19478,+€48.17m,,2023,https://www.transfermarkt.co.uk/az-alkmaar/startseite/verein/1090
1110,huddersfield-town,Huddersfield Town,GB1,,33,26.7,12,36.4,3,John Smith's Stadium,24500,+€11.28m,,2018,https://www.transfermarkt.co.uk/huddersfield-town/startseite/verein/1110
1159,as-nancy-lorraine,AS Nancy-Lorraine,FR1,,27,25.7,5,18.5,0,Stade Marcel-Picot,20087,+-0,,2016,https://www.transfermarkt.co.uk/as-nancy-lorraine/startseite/verein/1159
1301,cs-maritimo,CS Marítimo,PO1,,29,27.2,19,65.5,2,Estádio do Marítimo,10600,+€200k,,2022,https://www.transfermarkt.co.uk/cs-maritimo/startseite/verein/1301
1304,heracles-almelo,Heracles Almelo,NL1,,30,24.2,14,46.7,1,Erve Asito,12080,+-0,,2023,https://www.transfermarkt.co.uk/heracles-almelo/startseite/verein/1304
1421,stade-reims,Stade Reims,FR1,,24,25.1,18,75.0,11,Stade Auguste-Delaune,21684,+€10.55m,,2023,https://www.transfermarkt.co.uk/stade-reims/startseite/verein/1421
1423,fc-valenciennes,Valenciennes FC,FR1,,30,23.6,15,50.0,5,Stade du Hainaut,25000,+€2.52m,,2013,https://www.transfermarkt.co.uk/fc-valenciennes/startseite/verein/1423
162,as-monaco,AS Monaco,FR1,,27,24.2,27,100.0,15,Stade Louis-II,17000,€-26.50m,,2023,https://www.transfermarkt.co.uk/as-monaco/startseite/verein/162
235,rkc-waalwijk,RKC Waalwijk,NL1,,27,25.6,13,48.1,3,Mandemakers Stadion,7508,+-0,,2023,https://www.transfermarkt.co.uk/rkc-waalwijk/startseite/verein/235
24,eintracht-frankfurt,Eintracht Frankfurt,L1,,36,24.5,21,58.3,9,Deutsche Bank Park,55000,+€85.85m,,2023,https://www.transfermarkt.co.uk/eintracht-frankfurt/startseite/verein/24
294,benfica-lissabon,SL Benfica,PO1,,25,25.7,15,60.0,11,Estádio da Luz,64642,€-49.42m,,2023,https://www.transfermarkt.co.uk/benfica-lissabon/startseite/verein/294
331,ca-osasuna,CA Osasuna,ES1,,24,28.3,4,16.7,3,El Sadar,23576,€-6.50m,,2023,https://www.transfermarkt.co.uk/ca-osasuna/startseite/verein/331
3336,desportivo-aves,Desportivo Aves (- 2020),PO1,,0,,0,,0,Estádio CD das Aves,5441,+-0,,2019,https://www.transfermarkt.co.uk/desportivo-aves/startseite/verein/3336
3709,fc-getafe,Getafe CF,ES1,,23,28.1,13,56.5,6,Coliseum,16800,€-5.00m,,2023,https://www.transfermarkt.co.uk/fc-getafe/startseite/verein/3709
383,psv-eindhoven,PSV Eindhoven,NL1,,27,25.2,14,51.9,10,Philips Stadion,35000,€-3.53m,,2023,https://www.transfermarkt.co.uk/psv-eindhoven/startseite/verein/383
499,vitesse-arnheim,Vitesse Arnhem,NL1,,27,23.7,11,40.7,5,GelreDome,21248,+€750k,,2023,https://www.transfermarkt.co.uk/vitesse-arnheim/startseite/verein/499
610,ajax-amsterdam,Ajax Amsterdam,NL1,,27,23.5,15,55.6,12,Johan Cruijff ArenA,55600,+€47.10m,,2023,https://www.transfermarkt.co.uk/ajax-amsterdam/startseite/verein/610
750,fc-sochaux-montbeliard,FC Sochaux-Montbéliard,FR1,,29,23.0,9,31.0,1,Stade Auguste-Bonal,20005,+€6.30m,,2013,https://www.transfermarkt.co.uk/fc-sochaux-montbeliard/startseite/verein/750
762,newcastle-united,Newcastle United,GB1,,29,27.6,14,48.3,12,St James' Park,52338,€-108.60m,,2023,https://www.transfermarkt.co.uk/newcastle-united/startseite/verein/762
1041,olympique-lyon,Olympique Lyon,FR1,,28,25.0,16,57.1,5,Groupama Stadium,59186,+€87.87m,,2023,https://www.transfermarkt.co.uk/olympique-lyon/startseite/verein/1041
1084,fc-malaga,Málaga CF,ES1,,27,27.9,8,29.6,0,La Rosaleda,30044,+€950k,,2017,https://www.transfermarkt.co.uk/fc-malaga/startseite/verein/1084
1148,fc-brentford,Brentford FC,GB1,,29,26.0,20,69.0,16,Gtech Community Stadium,17250,€-54.76m,,2023,https://www.transfermarkt.co.uk/fc-brentford/startseite/verein/1148
1162,sm-caen,SM Caen,FR1,,27,25.7,12,44.4,4,Stade Michel-d'Ornano,20500,+€3.05m,,2018,https://www.transfermarkt.co.uk/sm-caen/startseite/verein/1162
1283,fc-emmen,FC Emmen,NL1,,17,25.6,6,35.3,0,De Oude Meerdijk,8309,+-0,,2022,https://www.transfermarkt.co.uk/fc-emmen/startseite/verein/1283
142,real-saragossa,Real Zaragoza,ES1,,23,26.0,6,26.1,1,La Romareda,33608,+€30k,,2012,https://www.transfermarkt.co.uk/real-saragossa/startseite/verein/142
16,borussia-dortmund,Borussia Dortmund,L1,,28,26.0,13,46.4,19,SIGNAL IDUNA PARK,81365,+€50.35m,,2023,https://www.transfermarkt.co.uk/borussia-dortmund/startseite/verein/16
202,fc-groningen,FC Groningen,NL1,,29,22.9,10,34.5,1,Euroborg,22555,€-586k,,2022,https://www.transfermarkt.co.uk/fc-groningen/startseite/verein/202
2288,swansea-city,Swansea City,GB1,,22,24.8,17,77.3,4,Swansea.com Stadium,21088,+€8.35m,,2017,https://www.transfermarkt.co.uk/swansea-city/startseite/verein/2288
237,rcd-mallorca,RCD Mallorca,ES1,,23,28.7,10,43.5,5,Mallorca Son Moix,20500,€-2.30m,,2023,https://www.transfermarkt.co.uk/rcd-mallorca/startseite/verein/237
2423,cd-santa-clara,CD Santa Clara,PO1,,38,25.4,20,52.6,2,Estádio de São Miguel,12500,+-0,,2022,https://www.transfermarkt.co.uk/cd-santa-clara/startseite/verein/2423
2425,rio-ave-fc,Rio Ave FC,PO1,,25,27.8,11,44.0,0,Estádio dos Arcos,5300,+-0,,2023,https://www.transfermarkt.co.uk/rio-ave-fc/startseite/verein/2425
3558,gfc-ajaccio,GFC Ajaccio,FR1,,5,26.8,1,20.0,1,Stade Ange-Casanova,4050,+-0,,2015,https://www.transfermarkt.co.uk/gfc-ajaccio/startseite/verein/3558
4102,carpi-fc-1909,AC Carpi,IT1,,25,23.6,6,24.0,1,Sandro Cabassi,5510,+-0,,2015,https://www.transfermarkt.co.uk/carpi-fc-1909/startseite/verein/4102
42,hannover-96,Hannover 96,L1,,28,25.0,6,21.4,1,Heinz-von-Heiden-Arena,49000,€-300k,,2018,https://www.transfermarkt.co.uk/hannover-96/startseite/verein/42
641,fc-middlesbrough,Middlesbrough FC,GB1,,25,26.1,8,32.0,6,Riverside Stadium,33746,+€16.68m,,2016,https://www.transfermarkt.co.uk/fc-middlesbrough/startseite/verein/641
667,rc-strassburg-alsace,RC Strasbourg Alsace,FR1,,27,24.8,14,51.9,9,Stade de la Meinau,26109,€-23.00m,,2023,https://www.transfermarkt.co.uk/rc-strassburg-alsace/startseite/verein/667
681,real-sociedad-san-sebastian,Real Sociedad,ES1,,26,25.3,7,26.9,10,Reale Arena,39313,€-10.60m,,2023,https://www.transfermarkt.co.uk/real-sociedad-san-sebastian/startseite/verein/681
873,crystal-palace,Crystal Palace,GB1,,27,26.4,12,44.4,8,Selhurst Park,26047,€-38.70m,,2023,https://www.transfermarkt.co.uk/crystal-palace/startseite/verein/873
1032,fc-reading,Reading FC,GB1,,30,23.1,14,46.7,5,Select Car Leasing Stadium,24161,+€3.06m,,2012,https://www.transfermarkt.co.uk/fc-reading/startseite/verein/1032
1039,queens-park-rangers,Queens Park Rangers,GB1,,26,25.9,15,57.7,8,Loftus Road Stadium,18360,+€900k,,2014,https://www.transfermarkt.co.uk/queens-park-rangers/startseite/verein/1039
1244,cd-leganes,CD Leganés,ES1,,23,28.6,8,34.8,3,Butarque,12454,+€1.00m,,2019,https://www.transfermarkt.co.uk/cd-leganes/startseite/verein/1244
14171,thonon-evian-grand-geneve-fc,Thonon Évian Grand Genève FC,FR1,,27,27.4,6,22.2,1,Stade Camille Fournier,2500,+-0,,2014,https://www.transfermarkt.co.uk/thonon-evian-grand-geneve-fc/startseite/verein/14171
244,olympique-marseille,Olympique Marseille,FR1,,25,25.9,20,80.0,16,Orange Vélodrome,67394,€-30.60m,,2023,https://www.transfermarkt.co.uk/olympique-marseille/startseite/verein/244
367,rayo-vallecano,Rayo Vallecano,ES1,,24,29.2,11,45.8,6,Campo de Fútbol de Vallecas,15105,€-11.60m,,2023,https://www.transfermarkt.co.uk/rayo-vallecano/startseite/verein/367
379,west-ham-united,West Ham United,GB1,,25,28.3,18,72.0,14,London Stadium,62500,+€18.84m,,2023,https://www.transfermarkt.co.uk/west-ham-united/startseite/verein/379
380,us-salernitana-1919,US Salernitana 1919,IT1,,27,27.0,21,77.8,11,Arechi,29739,€-24.69m,,2023,https://www.transfermarkt.co.uk/us-salernitana-1919/startseite/verein/380
403,willem-ii-tilburg,Willem II Tilburg,NL1,,27,25.9,7,25.9,0,Koning Willem II Stadion,14700,+€385k,,2021,https://www.transfermarkt.co.uk/willem-ii-tilburg/startseite/verein/403
41,hamburger-sv,Hamburger SV,L1,,30,23.6,15,50.0,4,Volksparkstadion,57000,€-6.00m,,2017,https://www.transfermarkt.co.uk/hamburger-sv/startseite/verein/41
79,vfb-stuttgart,VfB Stuttgart,L1,,29,24.0,11,37.9,6,MHPArena Stuttgart,60449,+€27.55m,,2023,https://www.transfermarkt.co.uk/vfb-stuttgart/startseite/verein/79
86,sv-werder-bremen,SV Werder Bremen,L1,,24,26.9,10,41.7,6,Wohninvest-Weserstadion,42100,+€20.81m,,2023,https://www.transfermarkt.co.uk/sv-werder-bremen/startseite/verein/86
931,fc-fulham,Fulham FC,GB1,,26,27.9,24,92.3,14,Craven Cottage,25700,€-15.87m,,2023,https://www.transfermarkt.co.uk/fc-fulham/startseite/verein/931
1123,norwich-city,Norwich City,GB1,,25,26.0,17,68.0,12,Carrow Road,27244,€-10.33m,,2021,https://www.transfermarkt.co.uk/norwich-city/startseite/verein/1123
1268,ado-den-haag,ADO Den Haag,NL1,,34,23.5,9,26.5,4,Bingoal Stadion,15000,+-0,,2020,https://www.transfermarkt.co.uk/ado-den-haag/startseite/verein/1268
1531,fc-elche,Elche CF,ES1,,18,27.3,5,27.8,0,Manuel Martínez Valero,31388,+€1.00m,,2022,https://www.transfermarkt.co.uk/fc-elche/startseite/verein/1531
2431,cf-estrela-amadora-sad,CF Estrela Amadora SAD,PO1,,27,26.9,19,70.4,3,Estádio José Gomes,9288,+-0,,2023,https://www.transfermarkt.co.uk/cf-estrela-amadora-sad/startseite/verein/2431
385,fortuna-sittard,Fortuna Sittard,NL1,,24,25.5,17,70.8,3,Fortuna Sittard Stadion,12500,€-500k,,2023,https://www.transfermarkt.co.uk/fortuna-sittard/startseite/verein/385
468,sparta-rotterdam,Sparta Rotterdam,NL1,,24,25.0,13,54.2,4,Sparta-stadion - Het Kasteel,11026,€-650k,,2023,https://www.transfermarkt.co.uk/sparta-rotterdam/startseite/verein/468
583,fc-paris-saint-germain,Paris Saint-Germain,FR1,,29,25.7,17,58.6,19,Parc des Princes,49691,€-146.50m,,2023,https://www.transfermarkt.co.uk/fc-paris-saint-germain/startseite/verein/583
621,athletic-bilbao,Athletic Bilbao,ES1,,25,27.7,1,4.0,4,San Mamés,53289,+-0,,2023,https://www.transfermarkt.co.uk/athletic-bilbao/startseite/verein/621
65,spvgg-greuther-furth,SpVgg Greuther Fürth,L1,,28,24.0,11,39.3,2,Sportpark Ronhof | Thomas Sommer,16626,+€3.97m,,2021,https://www.transfermarkt.co.uk/spvgg-greuther-furth/startseite/verein/65
723,almere-city-fc,Almere City FC,NL1,,27,25.2,14,51.9,1,Yanmar Stadion,4500,+-0,,2023,https://www.transfermarkt.co.uk/almere-city-fc/startseite/verein/723
855,ea-guingamp,EA Guingamp,FR1,,27,25.4,7,25.9,1,Stade du Roudourou,18120,+€3.70m,,2018,https://www.transfermarkt.co.uk/ea-guingamp/startseite/verein/855
985,manchester-united,Manchester United,GB1,,31,26.3,22,71.0,22,Old Trafford,74879,€-149.06m,,2023,https://www.transfermarkt.co.uk/manchester-united/startseite/verein/985
1132,fc-burnley,Burnley FC,GB1,,33,25.0,25,75.8,15,Turf Moor,21994,€-107.25m,,2023,https://www.transfermarkt.co.uk/fc-burnley/startseite/verein/1132
1435,go-ahead-eagles-deventer,Go Ahead Eagles,NL1,,27,24.6,10,37.0,2,De Adelaarshorst,9909,€-850k,,2023,https://www.transfermarkt.co.uk/go-ahead-eagles-deventer/startseite/verein/1435
150,real-betis-sevilla,Real Betis Balompié,ES1,,26,28.4,14,53.8,7,Benito Villamarín,60721,+€43.50m,,2023,https://www.transfermarkt.co.uk/real-betis-sevilla/startseite/verein/150
2503,boavista-porto-fc,Boavista FC,PO1,,28,24.6,14,50.0,4,Estádio do Bessa Século XXI,28263,€-2.60m,,2023,https://www.transfermarkt.co.uk/boavista-porto-fc/startseite/verein/2503
3368,ud-levante,Levante UD,ES1,,23,27.5,6,26.1,0,Ciutat de València,26354,+€7.80m,,2021,https://www.transfermarkt.co.uk/ud-levante/startseite/verein/3368
506,juventus-turin,Juventus FC,IT1,,26,26.6,14,53.8,17,Allianz Stadium,41507,€-21.60m,,2023,https://www.transfermarkt.co.uk/juventus-turin/startseite/verein/506
618,as-saint-etienne,AS Saint-Étienne,FR1,,29,25.1,8,27.6,3,Stade Geoffroy-Guichard,42000,+€12.85m,,2021,https://www.transfermarkt.co.uk/as-saint-etienne/startseite/verein/618
1095,es-troyes-ac,ESTAC Troyes,FR1,,29,23.1,16,57.1,5,Stade de l'Aube,21877,+-0,,2022,https://www.transfermarkt.co.uk/es-troyes-ac/startseite/verein/1095
1420,sco-angers,Angers SCO,FR1,,27,24.2,12,44.4,5,Stade Raymond Kopa,19350,+€3.50m,,2022,https://www.transfermarkt.co.uk/sco-angers/startseite/verein/1420
23826,rasenballsport-leipzig,RB Leipzig,L1,,27,25.5,18,66.7,18,Red Bull Arena,47069,+€88.20m,,2023,https://www.transfermarkt.co.uk/rasenballsport-leipzig/startseite/verein/23826
2687,fc-cadiz,Cádiz CF,ES1,,28,29.1,8,28.6,2,Nuevo Mirandilla,21094,+€3.50m,,2023,https://www.transfermarkt.co.uk/fc-cadiz/startseite/verein/2687
2919,ac-monza,AC Monza,IT1,,30,26.9,11,36.7,3,U-Power Stadium - Brianteo,16917,€-41.50m,,2023,https://www.transfermarkt.co.uk/ac-monza/startseite/verein/2919
317,fc-twente-enschede,Twente Enschede FC,NL1,,26,24.4,10,38.5,3,De Grolsch Veste,30205,+€7.10m,,2023,https://www.transfermarkt.co.uk/fc-twente-enschede/startseite/verein/317
3524,clermont-foot-63,Clermont Foot 63,FR1,,24,26.9,15,62.5,6,Stade Gabriel-Montpied,13000,€-2.10m,,2023,https://www.transfermarkt.co.uk/clermont-foot-63/startseite/verein/3524
398,lazio-rom,SS Lazio,IT1,,29,27.3,17,58.6,10,Olimpico di Roma,73261,+€10.54m,,2023,https://www.transfermarkt.co.uk/lazio-rom/startseite/verein/398
4171,benevento-calcio,Benevento Calcio,IT1,,31,26.7,16,51.6,2,Ciro Vigorito,16867,€-1.93m,,2020,https://www.transfermarkt.co.uk/benevento-calcio/startseite/verein/4171
418,real-madrid,Real Madrid,ES1,,23,27.7,15,65.2,19,Santiago Bernabéu,81044,€-122.50m,,2023,https://www.transfermarkt.co.uk/real-madrid/startseite/verein/418
6574,us-sassuolo,US Sassuolo,IT1,,27,26.5,16,59.3,10,Mapei Stadium - Città del Tricolore,21584,+€40.52m,,2023,https://www.transfermarkt.co.uk/us-sassuolo/startseite/verein/6574
7179,cd-tondela,CD Tondela,PO1,,26,22.8,12,46.2,2,Estádio João Cardoso,5000,+€50k,,2021,https://www.transfermarkt.co.uk/cd-tondela/startseite/verein/7179
720,fc-porto,FC Porto,PO1,,28,26.5,18,64.3,8,Estádio do Dragão,50033,+€34.10m,,2023,https://www.transfermarkt.co.uk/fc-porto/startseite/verein/720
738,ac-le-havre,Le Havre AC,FR1,,29,25.1,16,55.2,6,Stade Océane,25178,€-2.90m,,2023,https://www.transfermarkt.co.uk/ac-le-havre/startseite/verein/738
89,1-fc-union-berlin,1.FC Union Berlin,L1,,28,27.4,16,57.1,12,Stadion An der Alten Försterei,22012,€-29.90m,,2023,https://www.transfermarkt.co.uk/1-fc-union-berlin/startseite/verein/89
940,celta-vigo,Celta de Vigo,ES1,,24,26.7,11,45.8,8,Abanca Balaídos,29000,+€29.50m,,2023,https://www.transfermarkt.co.uk/celta-vigo/startseite/verein/940
1387,acn-siena-1904,Siena FC,IT1,,20,25.5,2,10.0,0,Artemio Franchi,15373,+-0,,2012,https://www.transfermarkt.co.uk/acn-siena-1904/startseite/verein/1387
1390,cagliari-calcio,Cagliari Calcio,IT1,,30,27.4,14,46.7,9,Unipol Domus,16416,€-8.60m,,2023,https://www.transfermarkt.co.uk/cagliari-calcio/startseite/verein/1390
1416,amiens-sc,Amiens SC,FR1,,24,24.1,10,41.7,7,Stade Crédit Agricole la Licorne,12999,+€700k,,2019,https://www.transfermarkt.co.uk/amiens-sc/startseite/verein/1416
167,fc-augsburg,FC Augsburg,L1,,32,25.2,20,62.5,6,WWK ARENA,30660,+€17.45m,,2023,https://www.transfermarkt.co.uk/fc-augsburg/startseite/verein/167
2420,vitoria-guimaraes-sc,Vitória Guimarães SC,PO1,,30,25.3,13,43.3,3,Estádio D. Afonso Henriques,30029,+€16.26m,,2023,https://www.transfermarkt.co.uk/vitoria-guimaraes-sc/startseite/verein/2420
2424,gil-vicente-fc,Gil Vicente FC,PO1,,28,24.8,17,60.7,3,Estádio Cidade de Barcelos,12046,+€7.90m,,2023,https://www.transfermarkt.co.uk/gil-vicente-fc/startseite/verein/2424
289,afc-sunderland,Sunderland AFC,GB1,,26,23.5,12,46.2,6,Stadium of Light,48707,€-6.06m,,2016,https://www.transfermarkt.co.uk/afc-sunderland/startseite/verein/289
2921,delfino-pescara-1936,Delfino Pescara 1936,IT1,,28,24.6,6,21.4,1,Adriatico,20476,+€4.60m,,2016,https://www.transfermarkt.co.uk/delfino-pescara-1936/startseite/verein/2921
3,1-fc-koln,1.FC Köln,L1,,31,25.6,8,25.8,6,RheinEnergieSTADION,50000,+€200k,,2023,https://www.transfermarkt.co.uk/1-fc-koln/startseite/verein/3
430,ac-florenz,ACF Fiorentina,IT1,,31,25.1,16,51.6,13,Artemio Franchi,43147,+€21.25m,,2023,https://www.transfermarkt.co.uk/ac-florenz/startseite/verein/430
5,ac-mailand,AC Milan,IT1,,28,26.4,21,75.0,15,Giuseppe Meazza,75923,€-47.40m,,2023,https://www.transfermarkt.co.uk/ac-mailand/startseite/verein/5
512,stoke-city,Stoke City,GB1,,24,26.7,9,37.5,6,bet365 Stadium,30089,+€17.00m,,2017,https://www.transfermarkt.co.uk/stoke-city/startseite/verein/512
826,rc-lens,RC Lens,FR1,,29,26.1,15,51.7,12,Stade Bollaert-Delelis,38223,+€3.64m,,2023,https://www.transfermarkt.co.uk/rc-lens/startseite/verein/826
897,deportivo-la-coruna,Deportivo de La Coruña,ES1,,24,27.7,3,12.5,0,Abanca Riazor,32912,€-435k,,2017,https://www.transfermarkt.co.uk/deportivo-la-coruna/startseite/verein/897
1085,vitoria-setubal-fc,Vitória Setúbal FC,PO1,,29,26.0,10,34.5,0,Estádio do Bonfim,18642,+-0,,2019,https://www.transfermarkt.co.uk/vitoria-setubal-fc/startseite/verein/1085
11,fc-arsenal,Arsenal FC,GB1,,25,25.7,18,72.0,21,Emirates Stadium,60704,€-167.04m,,2023,https://www.transfermarkt.co.uk/fc-arsenal/startseite/verein/11
1627,catania-calcio,Catania FC,IT1,,27,26.0,5,18.5,0,Cibali - Angelo Massimino,20204,€-101k,,2013,https://www.transfermarkt.co.uk/catania-calcio/startseite/verein/1627
16795,fc-granada,Granada CF,ES1,,24,28.3,7,29.2,4,Nuevo Los Cármenes,19336,€-6.50m,,2023,https://www.transfermarkt.co.uk/fc-granada/startseite/verein/16795
2239,us-cremonese,US Cremonese,IT1,,29,25.4,9,30.0,2,Giovanni Zini,16003,+€5.00m,,2022,https://www.transfermarkt.co.uk/us-cremonese/startseite/verein/2239
252,genua-cfc,Genoa CFC,IT1,,27,26.9,20,74.1,9,Luigi Ferraris,34901,€-17.38m,,2023,https://www.transfermarkt.co.uk/genua-cfc/startseite/verein/252
281,manchester-city,Manchester City,GB1,,24,27.1,17,70.8,20,Etihad Stadium,55017,€-126.60m,,2023,https://www.transfermarkt.co.uk/manchester-city/startseite/verein/281
3302,ud-almeria,UD Almería,ES1,,25,25.6,13,52.0,5,Power Horse Stadium,18331,€-8.90m,,2023,https://www.transfermarkt.co.uk/ud-almeria/startseite/verein/3302
39,1-fsv-mainz-05,1.FSV Mainz 05,L1,,25,26.9,12,48.0,6,Mewa Arena,33305,+€14.55m,,2023,https://www.transfermarkt.co.uk/1-fsv-mainz-05/startseite/verein/39
405,aston-villa,Aston Villa,GB1,,26,27.2,19,73.1,16,Villa Park,42682,€-60.45m,,2023,https://www.transfermarkt.co.uk/aston-villa/startseite/verein/405
543,wolverhampton-wanderers,Wolverhampton Wanderers,GB1,,26,26.1,22,84.6,14,Molineux Stadium,32050,+€75.20m,,2023,https://www.transfermarkt.co.uk/wolverhampton-wanderers/startseite/verein/543
60,sc-freiburg,SC Freiburg,L1,,27,26.5,9,33.3,9,Europa-Park Stadion,34700,+€35.30m,,2023,https://www.transfermarkt.co.uk/sc-freiburg/startseite/verein/60
6912,fc-vizela,FC Vizela,PO1,,26,25.3,19,73.1,3,Estádio do Vizela,6565,+€1.80m,,2023,https://www.transfermarkt.co.uk/fc-vizela/startseite/verein/6912
714,espanyol-barcelona,RCD Espanyol Barcelona,ES1,,26,25.4,6,23.1,4,RCDE Stadium,40500,+€5.50m,,2022,https://www.transfermarkt.co.uk/espanyol-barcelona/startseite/verein/714
798,sbv-excelsior-rotterdam,Excelsior Rotterdam,NL1,,29,23.6,12,41.4,1,Van Donge & De Roo Stadion - Woudestein,4400,+€173k,,2023,https://www.transfermarkt.co.uk/sbv-excelsior-rotterdam/startseite/verein/798
862,chievo-verona,Chievo Verona,IT1,,0,,0,,0,Marcantonio Bentegodi,31045,+-0,,2018,https://www.transfermarkt.co.uk/chievo-verona/startseite/verein/862
8970,frosinone-calcio,Frosinone Calcio,IT1,,30,25.3,17,56.7,3,Benito Stirpe,16227,+€8.85m,,2023,https://www.transfermarkt.co.uk/frosinone-calcio/startseite/verein/8970
12321,fc-girona,Girona FC,ES1,,25,27.1,11,44.0,6,Montilivi,13286,€-4.35m,,2023,https://www.transfermarkt.co.uk/fc-girona/startseite/verein/12321
127,sc-paderborn-07,SC Paderborn 07,L1,,26,25.7,5,19.2,1,Home Deluxe Arena,15000,€-450k,,2019,https://www.transfermarkt.co.uk/sc-paderborn-07/startseite/verein/127
19,brescia-calcio,Brescia Calcio,IT1,,28,25.1,12,42.9,1,Mario Rigamonti,19550,+€3.65m,,2019,https://www.transfermarkt.co.uk/brescia-calcio/startseite/verein/19
23,eintracht-braunschweig,Eintracht Braunschweig,L1,,30,25.6,11,36.7,2,EINTRACHT-Stadion,23325,+€750k,,2013,https://www.transfermarkt.co.uk/eintracht-braunschweig/startseite/verein/23
33,fc-schalke-04,FC Schalke 04,L1,,27,26.4,12,44.4,4,Veltins-Arena,62271,+€10.30m,,2022,https://www.transfermarkt.co.uk/fc-schalke-04/startseite/verein/33
350,sheffield-united,Sheffield United,GB1,,30,25.9,18,60.0,8,Bramall Lane,32702,€-33.55m,,2023,https://www.transfermarkt.co.uk/sheffield-united/startseite/verein/350
472,ud-las-palmas,UD Las Palmas,ES1,,26,27.1,8,30.8,3,Estadio de Gran Canaria,32400,€-4.80m,,2023,https://www.transfermarkt.co.uk/ud-las-palmas/startseite/verein/472
7378,portimonense-sc,Portimonense SC,PO1,,27,24.7,20,74.1,2,Portimonense Estádio,6000,+€3.45m,,2023,https://www.transfermarkt.co.uk/portimonense-sc/startseite/verein/7378
982,cd-nacional,CD Nacional,PO1,,27,25.0,12,44.4,2,Estádio da Madeira,5586,+-0,,2020,https://www.transfermarkt.co.uk/cd-nacional/startseite/verein/982
1005,us-lecce,US Lecce,IT1,,31,24.0,23,74.2,7,Ettore Giardiniero,31559,+€3.95m,,2023,https://www.transfermarkt.co.uk/us-lecce/startseite/verein/1005
1038,sampdoria-genua,UC Sampdoria,IT1,,33,24.3,5,15.6,4,Luigi Ferraris,36348,+€1.75m,,2022,https://www.transfermarkt.co.uk/sampdoria-genua/startseite/verein/1038
1210,as-livorno,US Livorno 1915,IT1,,29,24.1,5,17.2,0,Armando Picchi,19238,+-0,,2013,https://www.transfermarkt.co.uk/as-livorno/startseite/verein/1210
1426,vvv-venlo,VVV-Venlo,NL1,,28,22.9,7,25.0,0,Covebo Stadion - De Koel,8000,+-0,,2020,https://www.transfermarkt.co.uk/vvv-venlo/startseite/verein/1426
1533,sd-eibar,SD Eibar,ES1,,26,28.3,5,19.2,0,Ipurua,8164,+€2.60m,,2020,https://www.transfermarkt.co.uk/sd-eibar/startseite/verein/1533
180,fc-southampton,Southampton FC,GB1,,29,24.5,20,69.0,13,St Mary's Stadium,32384,+€2.40m,,2022,https://www.transfermarkt.co.uk/fc-southampton/startseite/verein/180
234,feyenoord-rotterdam,Feyenoord Rotterdam,NL1,,27,24.2,14,51.9,16,"Stadion Feyenoord ""De Kuip""",47500,€-500k,,2023,https://www.transfermarkt.co.uk/feyenoord-rotterdam/startseite/verein/234
2448,sporting-gijon,Sporting Gijón,ES1,,28,26.2,10,35.7,2,El Molinón - Enrique Castro Quini,29029,+€5.23m,,2016,https://www.transfermarkt.co.uk/sporting-gijon/startseite/verein/2448
3349,cd-feirense,CD Feirense,PO1,,24,25.0,11,45.8,2,Estádio Marcolino de Castro,5401,+€325k,,2018,https://www.transfermarkt.co.uk/cd-feirense/startseite/verein/3349
368,fc-sevilla,Sevilla FC,ES1,,27,28.9,18,66.7,8,Ramón Sánchez-Pizjuán,43883,€-5.50m,,2023,https://www.transfermarkt.co.uk/fc-sevilla/startseite/verein/368
38,fortuna-dusseldorf,Fortuna Düsseldorf,L1,,29,25.9,12,41.4,2,MERKUR SPIEL-ARENA,54600,+€600k,,2019,https://www.transfermarkt.co.uk/fortuna-dusseldorf/startseite/verein/38
415,fc-toulouse,FC Toulouse,FR1,,29,23.5,23,79.3,8,Stadium Municipal,33150,+€200k,,2023,https://www.transfermarkt.co.uk/fc-toulouse/startseite/verein/415
416,fc-turin,Torino FC,IT1,,26,25.3,21,80.8,14,Stadio Olimpico Grande Torino,28177,€-33.40m,,2023,https://www.transfermarkt.co.uk/fc-turin/startseite/verein/416
417,ogc-nizza,OGC Nice,FR1,,29,24.3,15,51.7,12,Allianz Riviera,36178,€-27.10m,,2023,https://www.transfermarkt.co.uk/ogc-nizza/startseite/verein/417
44,hertha-bsc,Hertha BSC,L1,,36,24.1,14,38.9,7,Olympiastadion Berlin,74667,+€6.70m,,2022,https://www.transfermarkt.co.uk/hertha-bsc/startseite/verein/44
467,nec-nijmegen,NEC Nijmegen,NL1,,28,24.3,11,39.3,1,Goffertstadion,12500,+€2.68m,,2023,https://www.transfermarkt.co.uk/nec-nijmegen/startseite/verein/467
631,fc-chelsea,Chelsea FC,GB1,,30,23.8,20,66.7,20,Stamford Bridge,40853,€-198.40m,,2023,https://www.transfermarkt.co.uk/fc-chelsea/startseite/verein/631
749,fc-empoli,FC Empoli,IT1,,29,25.9,12,41.4,8,Carlo Castellani,19847,+€40.80m,,2023,https://www.transfermarkt.co.uk/fc-empoli/startseite/verein/749
10,arminia-bielefeld,Arminia Bielefeld,L1,,27,25.3,15,55.6,4,SchücoArena,26515,+€5.90m,,2021,https://www.transfermarkt.co.uk/arminia-bielefeld/startseite/verein/10
1049,fc-valencia,Valencia CF,ES1,,23,25.0,9,39.1,7,Mestalla,49430,+€14.00m,,2023,https://www.transfermarkt.co.uk/fc-valencia/startseite/verein/1049
1075,sc-braga,SC Braga,PO1,,26,27.8,15,57.7,7,Estádio Municipal de Braga,30286,€-6.70m,,2023,https://www.transfermarkt.co.uk/sc-braga/startseite/verein/1075
1269,pec-zwolle,PEC Zwolle,NL1,,26,25.5,11,42.3,0,MAC³PARK stadion,14000,+€4.75m,,2023,https://www.transfermarkt.co.uk/pec-zwolle/startseite/verein/1269
132,nac-breda,NAC Breda,NL1,,32,23.7,10,31.3,2,Rat Verlegh Stadion,19000,+€115k,,2018,https://www.transfermarkt.co.uk/nac-breda/startseite/verein/132
27,fc-bayern-munchen,Bayern Munich,L1,,25,26.7,13,52.0,18,Allianz Arena,75024,+€23.25m,,2023,https://www.transfermarkt.co.uk/fc-bayern-munchen/startseite/verein/27
29,fc-everton,Everton FC,GB1,,25,27.3,11,44.0,6,Goodison Park,39571,+€42.30m,,2023,https://www.transfermarkt.co.uk/fc-everton/startseite/verein/29
290,aj-auxerre,AJ Auxerre,FR1,,26,24.3,15,55.6,6,Stade de l'Abbé-Deschamps,18541,+-0,,2022,https://www.transfermarkt.co.uk/aj-auxerre/startseite/verein/290
306,sc-heerenveen,SC Heerenveen,NL1,,23,24.6,11,47.8,4,Abe Lenstra Stadion,27224,+€3.10m,,2023,https://www.transfermarkt.co.uk/sc-heerenveen/startseite/verein/306
3268,casa-pia-ac,Casa Pia AC,PO1,,27,25.9,15,55.6,5,Estádio Municipal de Rio Maior,6925,+€2.28m,,2023,https://www.transfermarkt.co.uk/casa-pia-ac/startseite/verein/3268
347,fc-metz,FC Metz,FR1,,30,25.3,22,73.3,10,Stade Saint-Symphorien,28786,+€23.10m,,2023,https://www.transfermarkt.co.uk/fc-metz/startseite/verein/347
399,leeds-united,Leeds United,GB1,,27,24.6,18,66.7,9,Elland Road,37890,+€930k,,2022,https://www.transfermarkt.co.uk/leeds-united/startseite/verein/399
4083,fc-crotone,FC Crotone,IT1,,25,27.0,6,24.0,1,Ezio Scida,16640,+€3.90m,,2020,https://www.transfermarkt.co.uk/fc-crotone/startseite/verein/4083
533,tsg-1899-hoffenheim,TSG 1899 Hoffenheim,L1,,30,26.1,13,43.3,12,PreZero Arena,30150,€-7.30m,,2023,https://www.transfermarkt.co.uk/tsg-1899-hoffenheim/startseite/verein/533
607,venezia-fc,Venezia FC,IT1,,27,25.6,17,63.0,5,Pier Luigi Penzo,11150,+€4.83m,,2021,https://www.transfermarkt.co.uk/venezia-fc/startseite/verein/607
68608,cf-os-belenenses,CF Os Belenenses,PO1,,30,25.7,5,16.7,0,Estádio do Restelo,19980,+-0,,2017,https://www.transfermarkt.co.uk/cf-os-belenenses/startseite/verein/68608
724,fc-volendam,FC Volendam,NL1,,29,22.8,14,48.3,3,Kras Stadion,7384,+€1.80m,,2023,https://www.transfermarkt.co.uk/fc-volendam/startseite/verein/724
800,atalanta-bergamo,Atalanta BC,IT1,,25,27.1,17,68.0,15,Gewiss Stadium,21747,+€87.00m,,2023,https://www.transfermarkt.co.uk/atalanta-bergamo/startseite/verein/800
979,moreirense-fc,Moreirense FC,PO1,,26,26.0,17,65.4,2,Estádio C. J. de Almeida Freitas,6153,€-2.05m,,2023,https://www.transfermarkt.co.uk/moreirense-fc/startseite/verein/979
984,west-bromwich-albion,West Bromwich Albion,GB1,,25,27.8,8,32.0,4,The Hawthorns,26850,€-1.35m,,2020,https://www.transfermarkt.co.uk/west-bromwich-albion/startseite/verein/984
